"V11","V10","rowID","QuesID.13","QuesID.14","QuesID.16","QuesID.17","QuesID.18","QuesID.19","QuesID.20","QuesID.21","QuesID.21.Comments","QuesID.22","QuesID.22.Comments","QuesID.26","QuesID.27","QuesID.28","QuesID.30","QuesID.31","QuesID.32","QuesID.33","QuesID.33.Comments","QuesID.34","QuesID.35","QuesID.37","QuesID.38","QuesID.38.Comments","QuesID.39","QuesID.40","QuesID.41","QuesID.41.Comments","QuesID.42","QuesID.43","QuesID.44","QuesID.44.Comments","QuesID.45","QuesID.46","QuesID.46.Comments","QuesID.47","QuesID.47.Comments","QuesID.48","QuesID.49","QuesID.50","QuesID.50.Comments","QuesID.51","QuesID.51.Comments","QuesID.52","QuesID.52.Comments","QuesID.53","QuesID.53.Comments","QuesID.54","QuesID.54.Comments","QuesID.55","QuesID.55.Comments","Theme","Element"
"1",3,"Taxlots",91,"Yes","No","Active","Yes","Yes","Yes","missing","Stay","","Recurring","","Progressing","50-75%","Fully implemented","missing","Well established","other","Progressing","","Fully implemented","Fully implemented","Fully implemented","Create-collect","","Under development","75 to <100%","US 50 states","","Fully complete","Secured","missing","","missing","Defined","State agencies can access the data through a data sharing agreement with the counties. Or thought individual agreements with each county.","Planned-resrcs avail","","other","Well established","Managed","","Managed","","None","The data set is produced and maintained by the county assessors for the sole use for collecting property taxes. All other users must adjust.","None","","None","","Archived","County Assessor store the data. The Department of Revenue collects annual submissions and stores them on its servers.","Cadastral","tax lots"
"2",10,"City & County Comprehensive Plans",12,"Yes","No","Active","Yes","Yes","Yes","missing","Stay","","Recurring","Funding was initially through the Framework Development Program and is currently funded through May 2019.  No funding has ben secured after that.","missing","50-75%","Planned-resrcs avail","missing","Under development","other","Under development","","Planned-resrcs avail","Initiated","Initiated","Share-aggregate existing","","Under development","1 to <25%","US 50 states","","1 to <25%","Not shared","missing","","missing","No process","We are still in the early stages of development and no useful data exists to share.","Planned-resrcs avail","","single","Under development","Defined","","Defined","","Under development","","Under development","","Under development","","Local","","Admin Bnds","city & county comprehensive plan designations"
"3",11,"City Limits",89,"Yes","No","Active","Yes","Yes","Yes","missing","Stay","","Recurring","","missing","50-75%","Fully implemented","missing","Well established","External","Progressing","","Fully implemented","Well established","Well established","Alter existing","","Fully implemented","Fully complete","Oregon (all)","","75 to <100%","Public","Fully implemented","","Yes","missing","","In progress-full resrcs","","informal","Well established","Defined","New City Annexations are added to base using Cadastral boundary framework layer.  Some adjusting of existing city limit boundaries is done.","Managed","New City Annexations are added to base using Cadastral boundary framework layer.  Some adjusting of existing city limit boundaries is done.","None","","None","metadata","Progressing","","Other","Yearly archived city limit data is stored at Oregon Spatial Data Clearinghouse","Admin Bnds","city limits"
"4",13,"air quality maintenance areas",2,"Yes","No","Static","Yes","Yes","No","No","Stay","","Recurring","Part of normal Air Quality Program's administrative budget.  Because static, no changes or maintenance funds needed.","missing","50-75%","Desired","missing","missing","missing","None","Not needed. Data does not contain any information other than an administrative boundary.","Desired","Well established","Well established","Other","Data created based on legislative mandate.","Not OGIC","Fully complete","Oregon (all)","","Fully complete","Public","Desired","","No","missing","","Desired","","missing","None","No process","","No process","","None","No process, but has met user needs for 3 decades without complaint.","None","","None","","Local","Also stored at EPA and served from EPA Websites","Admin Bnds","vehicle inspection areas"
"5",32,"Groundwater Management Areas",1,"Yes","No","Static","No","No","No","No","Stay","","Recurring","","missing","50-75%","NA","other","None","External","None","There is no sensitive, private,or confidential information included in this dataset","Fully implemented","None","None","missing","","Fully implemented","Fully complete","Oregon (all)","","Fully complete","Public","Fully implemented","","No","missing","","Desired","","missing","None","No process","","No process","","None","It is just a simple boundary dataset.","None","It is just a simple boundary dataset.","None","It is just a simple boundary dataset.","Other","Stored both locally and on the spatial data library.","Admin Bnds","groundwater management areas"
"6",45,"Oil Spill Geographic Response Areas",4,"Yes","No","Active","Yes","Yes","No","No","Disagree","The dataset should be in the Preparedness theme","Inconsistent","","missing","50-75%","Desired","missing","missing","missing","Well established","","Fully implemented","Fully implemented","Fully implemented","Create-collect","","Under development","25 to <50%","US 50 states","","25 to <50%","Public","Fully implemented","","Yes","missing","","Planned-no resrcs","","single","Under development","Repeatable","","Repeatable","","Progressing","","Initiated","","Initiated","","Other","Data stored locally, in OSDL, on DAS-GEO, DEQ and OEM Servers, and in NOAA's Emergency Response Management Application","Admin Bnds","oil spill geographic response areas"
"7",50,"Public Safety Response Areas",36,"No","missing","missing","missing","missing","missing","missing","missing","","missing","","missing","missing","missing","missing","missing","missing","missing","","missing","missing","missing","missing","","missing","missing","missing","","missing","missing","missing","","missing","missing","","missing","","missing","missing","missing","","missing","","missing","","missing","","missing","","missing","","Preparedness","public safety response areas"
"8",67,"Urban Growth Boundaries",11,"Yes","No","Active","Yes","Yes","Yes","missing","Stay","","Planned","","missing","50-75%","Fully implemented","missing","Fully implemented","External","None","","In progress-full resrcs","Fully implemented","Fully implemented","Create-collect","","Fully implemented","Fully complete","Oregon (all)","","Fully complete","Public","Fully implemented","","Yes","missing","","In progress-full resrcs","","formal","Fully implemented","Defined","","Defined","","Fully implemented","","Fully implemented","","Fully implemented","","Local","","Admin Bnds","Urban Growth Boundaries"
"9",83,"Cities",67,"Yes","No","Static","Yes","Yes","No","No","CC-move","Cities dataset should be moved to Reference FIT","No process","","missing","Best available","Desired","missing","missing","missing","None","","Desired","None","None","missing","","Not OGIC","75 to <100%","US 50 states","","75 to <100%","Public","Fully implemented","","Yes","missing","","Desired","","missing","None","No process","","No process","","None","","None","","None","","Local","","Preparedness","cities"
"10",86,"Historic Sites",68,"Yes","No","Active","Yes","Yes","No","Yes","Stay","","Exists-adequate","","missing","50-75%","Planned-no resrcs","missing","Initiated","External","Well established","","Planned-no resrcs","Well established","Initiated","Create-collect","","Not OGIC","Fully complete","US 50 states","","75 to <100%","Public","Planned-resrcs avail","","No","missing","","Planned-resrcs avail","","single","Initiated","Defined","","Defined","","Under development","","Under development","","Under development","","Local","","LULC","historic sites"
"11",88,"Port facilites (air, sea, river)",64,"No","missing","missing","missing","missing","missing","missing","missing","","missing","","missing","missing","missing","missing","missing","missing","missing","","missing","missing","missing","missing","","missing","missing","missing","","missing","missing","missing","","missing","missing","","missing","","missing","missing","missing","","missing","","missing","","missing","","missing","","missing","","Preparedness","port facilities (air, sea, river)"
"12",89,"Health Care Facilities",60,"Yes","No","Active","Yes","Yes","No","Yes","Stay","","Planned","","missing","50-75%","Desired","missing","missing","missing","Initiated","As a part of inclusion in OR-IRS database","Desired","Initiated","None","missing","","Fully implemented","75 to <100%","US 50 states","","75 to <100%","Public","Fully implemented","","Yes","missing","","Desired","","missing","None","No process","","No process","","None","","None","","None","","missing","Relatively recent data has been posted to DAS/GEO serrvers and is being deliverd as a webservice and downloadable data, referenced on OSDL; Data is also stored at OEM and DEQ  ","Preparedness","health care facilities"
"13",90,"Stadiums",56,"Yes","No","Active","Yes","Yes","No","Yes","Stay","","No process","Dataset does not currently exist, and has no identified source/steward.    Federal data only shows 3 venues in Oregon","missing","No information","Desired","missing","missing","missing","None","","Desired","None","None","missing","","Not OGIC","0%","US 50 states","","0%","Public","Desired","","No","missing","","Desired","","missing","None","No process","","No process","","None","","None","","None","","No data","","Preparedness","stadiums"
"14",91,"dam facilities",73,"Yes","No","Active","Yes","Yes","No","Yes","Stay","","Recurring","","missing","50-75%","Desired","missing","missing","missing","Progressing","Sensitive information about dams in the United States is managed by the U.S. Army Corps.","Fully implemented","None","Well established","Create-collect","","Not OGIC","Fully complete","US 50 states","","Fully complete","Public","Fully implemented","","Yes","missing","","In progress-full resrcs","","single","None","Ad-hoc","Dam are accurately located with GPS, lidar-derived elevation data, and/or imagery.","Ad-hoc","Dam are accurately located with GPS, lidar-derived elevation data, and/or imagery.","Well established","Established by the U.S. Army Corps and Department of Defense.","None","","Well established","","Local","On Oregon Water Resources Dept. server and backed up.","Preparedness","dam facilities"
"15",92,"Commercial Key Assets",65,"Yes","No","Other","Yes","Yes","No","No","CC-stay","","No process","","missing","No information","Desired","missing","missing","missing","None","","Desired","None","None","missing","","Not OGIC","0%","US 50 states","","0%","Not shared","missing","","missing","No process","","Desired","","missing","None","No process","","No process","","None","","None","","None","","No data","","Preparedness","commercial key assets"
"16",94,"Road centerlines",92,"Yes","No","Active","Yes","Yes","Yes","missing","Stay","","Recurring","","missing","50-75%","Fully implemented","missing","Fully implemented","External","None","Not needed.","Desired","None","Fully implemented","Share-aggregate existing","","Fully implemented","Fully complete","US 50 states","","Fully complete","Public","Fully implemented","","Yes","missing","","In progress-full resrcs","","single","Fully implemented","Managed","","No process","","None","Not sure if needed.","Fully implemented","Metadata","None","Not sure if needed","Local","","Transportation","road centerlines"
"17",101,"Oregon Zoning",10,"Yes","No","Active","Yes","Yes","Yes","missing","Stay","","Planned","","missing","50-75%","Planned-resrcs avail","missing","Fully implemented","External","Well established","","Fully implemented","Fully implemented","Fully implemented","Share-aggregate existing","","Fully implemented","50 to <75%","US 50 states","","50 to <75%","Public","Fully implemented","","Yes","missing","","Planned-resrcs avail","","single","Well established","Defined","","Defined","","Well established","","Well established","","Well established","","Local","","Admin Bnds","zoning (all lands)"
"18",108,"Military Facilities",59,"Yes","No","Active","Yes","Yes","No","Yes","Stay","","No process","","missing","Best available","Desired","missing","missing","missing","Initiated","Reviewed/documented/implemented as a part of OR-IRIS database project","Desired","Initiated","None","missing","","Fully implemented","50 to <75%","US 50 states","","75 to <100%","Not shared","missing","","missing","Ad-hoc","","Desired","","missing","None","No process","","No process","","None","","None","","None","","missing","Data is stored locally at OEM and DEQ for emergency response use only  ","Preparedness","military facilities"
"19",114,"0.5-meter DOQs",46,"Yes","No","Static","Yes","Yes","Yes","missing","Stay","","Inconsistent","","missing","No information","Planned-no resrcs","missing","Progressing","Internal","None","","Planned-no resrcs","Initiated","Progressing","Purchase","","Under development","Fully complete","US 50 states","","50 to <75%","Public","Fully implemented","","Yes","missing","","Planned-no resrcs","","two","Initiated","Repeatable","","No process","","Under development","","None","","None","","Archived","","Imagery",".5-meter DOQs"
"20",115,"1-meter DOQs",45,"Yes","No","Static","Yes","Yes","Yes","missing","Stay","","Inconsistent","","missing","50-75%","NA","other","Well established","External","None","","Desired","Progressing","None","missing","","Not OGIC","Fully complete","US 50 states","","Fully complete","Public","Fully implemented","","Yes","missing","","In progress-full resrcs","","two","None","No process","","No process","","None","","None","","None","","Archived","","Imagery","1-meter DOQs"
"21",118,"bathymetry",87,"Yes","Yes","Active","Yes","Yes","Yes","missing","Stay","","Inconsistent","ad-hoc funding mainly from federal agencies. Minimal funding for data lifecycle outside of acquisition.  ","Under development","50-75%","In progress-partial resrcs","other","Under development","other","None","","Fully implemented","Under development","Fully implemented","Other","all options are being explored","Under development","25 to <50%","Global","","25 to <50%","Public","In progress-partial resrcs","","No","missing","","Planned-no resrcs","","informal","Under development","Ad-hoc","","Ad-hoc","","Fully implemented","data has proved usefulness ","Initiated","","Initiated","","Local","","Elevation","digital elevation models"
"22",118,"digital elevation model",77,"Yes","No","Active","Yes","Yes","Yes","missing","Stay","","Planned","funding is available but supplied from various sources. ","Under development","50-75%","Fully implemented","missing","Under development","Internal","None","no assessment necessary. ","Fully implemented","Fully implemented","Fully implemented","Other","obtain data by creating and obtain data by sharing (option 3 and 4).","Under development","25 to <50%","Global","","25 to <50%","Public","Fully implemented","","Yes","missing","","In progress-partial resrcs","","informal","Under development","Optimized","geodetic control and ortho-rectified imagery would be the only comparable source data element.","Optimized","geodetic control and ortho-rectified imagery would be the only comparable source data element.","Fully implemented","peer-review, third party review","Fully implemented","","None","","Archived","","Elevation","digital elevation models"
"23",118,"Digital evelation models",78,"Yes","No","Active","No","Yes","Yes","missing","Stay","","Recurring","","Well established","50-75%","NA","other","None","External","Initiated","","Fully implemented","Progressing","None","missing","","Fully implemented","25 to <50%","Oregon (all)","","50 to <75%","Not shared","missing","","missing","missing","","missing","","missing","missing","missing","","missing","","missing","","missing","","missing","","missing","","Elevation","digital elevation models"
"24",119,"Elevation Contours",48,"Yes","No","Active","Yes","Yes","No","Yes","Stay","","Inconsistent","","Under development","50-75%","Fully implemented","missing","Fully implemented","Internal","Well established","","Fully implemented","Fully implemented","Under development","Share-aggregate existing","","Under development","25 to <50%","Global","","75 to <100%","Public","Fully implemented","","Yes","missing","","Desired","","missing","Under development","Optimized","","Optimized","","Fully implemented","","Fully implemented","","Under development","","missing","Other-unknown. Data is available on Oregon Spatial Library but not sure where source data sits","Elevation","elevation contours"
"25",120,"Slope",69,"Yes","No","Active","Yes","Yes","No","Yes","Stay","","Planned","","Under development","50-75%","Desired","missing","missing","missing","None","","Fully implemented","Fully implemented","Fully implemented","Share-aggregate existing","","Not OGIC","25 to <50%","Global","","25 to <50%","Public","Desired","","No","missing","","Desired","","missing","Under development","Optimized","based off lidar DEM","Optimized","","Fully implemented","","Fully implemented","ortho-imagery and geodetic control is the only comparable source data","Under development","","Archived","Data based off of DEMs, DEMS are archived in multiple locations","Elevation","slope"
"26",121,"Aspect",50,"Yes","No","Active","Yes","No","No","No","Stay","","Inconsistent","The development of this dataset is very inconsistent. It is based on the extent of the DEM elevation data. ","No process","50-75%","Desired","missing","missing","missing","None","","Planned-no resrcs","None","Well established","Alter existing","","Not OGIC","25 to <50%","Global","","25 to <50%","Public","Desired","","No","missing","","Desired","","missing","None","Optimized","","Optimized","","None","","None","","None","","No data","","Elevation","aspect"
"27",122,"Nearshore and Estuarine Bathymetry",49,"Yes","Yes","Active","Yes","No","No","No","CC-stay","","Inconsistent","not planned, very ad-hoc. Mostly collected by federal agencies such as NOAA or USGS","No process","50-75%","Desired","missing","missing","missing","None","","Fully implemented","Under development","Well established","Share-aggregate existing","","Not OGIC","50 to <75%","Oregon (specific extents)","","25 to <50%","Public","Desired","","No","missing","","In progress-partial resrcs","","ad-hoc","Under development","Ad-hoc","","Ad-hoc","","Fully implemented","","Initiated","","Under development","","Other","unknown at this time","Elevation","bathymetry"
"28",123,"watercourses",86,"Yes","Yes","Active","Yes","Yes","Yes","missing","Stay","","Exists-inadequate","Funding for maintenance the NHD is not consistent among the PNW Hydro group partners.  The federal agencies (primarily the U.S. Geological Survey, BLM, and Forest Service) have dedicated programs and staff, but even they fall short when it comes to making big improvements in the data, such as realigning the flowlines to flow paths generated by lidar-derived elevation data.  The state doesn't have permanently funded full time staff in any of its agencies.  It's a portion of the GIS staff responsibilities that often gets funded by Framework and other grants.  The state has used Framework grants in the past to pay for BLM staff to make improvements in the NHD.","missing","50-75%","Fully implemented","missing","None","Internal","None","It is not necessary since sensitive, private, and/or confidential data are not components of the NHD.","Fully implemented","None","Progressing","Other","Compiling NHD features encompasses many processes, most of them identified above.","Fully implemented","Fully complete","Global","","Fully complete","Public","Fully implemented","","Yes","missing","","Fully implemented","At the PNW Hydro group web site:  Roles & responsibilities:  http://www.pnwhf.org/stewardship-roles.aspx  Stewardship process:  http://www.pnwhf.org/stewardship-process.aspx","formal","None","Defined","NHD features are tiled by 8-digit hydrologic units (sub-basins) and maintained accordingly by the U.S.G.S. through its automated edit processes.","Ad-hoc","NHDFlowlines are generated from a number of other data elements.  The primary ones are imagery and elevation data, produced from lidar sensors where available.","None","","None","","missing","","Other","U.S. Geological Survey, Lakewood, Colorado","Hydrography","watercourses"
"29",124,"water bodies",83,"Yes","Yes","Active","Yes","Yes","Yes","missing","Stay","","Exists-inadequate","Funding for maintenance the NHD is not consistent among the PNW Hydro group partners.  The federal agencies (primarily the U.S. Geological Survey, BLM, and Forest Service) have dedicated programs and staff, but even they fall short when it comes to making big improvements in the data, such as realigning the flowlines to flow paths generated by lidar-derived elevation data.  The state doesn't have permanently funded full time staff in any of its agencies.  It's a portion of the GIS staff responsibilities that often gets funded by Framework and other grants.  The state has used Framework grants in the past to pay for BLM staff to make improvements in the NHD.","missing","50-75%","Fully implemented","missing","None","Internal","None","It is not necessary since sensitive, private, and/or confidential data are not components of the NHD.","Fully implemented","None","Under development","Other","Compiling NHD features encompasses many processes, most of them identified above.","Fully implemented","Fully complete","Global","","75 to <100%","Public","Fully implemented","","Yes","missing","","Fully implemented","At the PNW Hydro group web site:  Roles & responsibilities:  http://www.pnwhf.org/stewardship-roles.aspx   Stewardship process:  http://www.pnwhf.org/stewardship-process.aspx  ","missing","None","Defined","NHD features are tiled by 8-digit hydrologic units (sub-basins) and maintained accordingly by the U.S.G.S. through its automated edit processes.","Ad-hoc","NHDWaterbodies are generated from a number of other data elements.  The primary one is imagery.","None","","None","","missing","","Archived","U.S. Geological Survey, Lakewood, Colorado","Hydrography","water bodies"
"30",125,"Water body shorelines",82,"No","missing","missing","missing","missing","missing","missing","missing","","missing","","missing","missing","missing","missing","missing","missing","missing","","missing","missing","missing","missing","","missing","missing","missing","","missing","missing","missing","","missing","missing","","missing","","missing","missing","missing","","missing","","missing","","missing","","missing","","missing","","Hydrography","water body shorelines"
"31",126,"water points",81,"Yes","Yes","Active","Yes","Yes","No","Yes","Stay","","Inconsistent","NHDPoints are not currently a high priority for the PNW Hydro group.  It is edited on an ad hoc basis by the hydro partners when necessary.","No process","Best available","Fully implemented","missing","None","Internal","None","It is not necessary since sensitive, private, and/or confidential data are not components of the NHD.","Desired","None","None","missing","","Fully implemented","Fully complete","Global","","25 to <50%","Public","Fully implemented","","Yes","missing","","Fully implemented","At the PNW Hydro group web site:  Roles & responsibilities:  http://www.pnwhf.org/stewardship-roles.aspx   Stewardship process:  http://www.pnwhf.org/stewardship-process.aspx  ","ad-hoc","Under development","Defined","NHD features are tiled by 8-digit hydrologic units (sub-basins) and maintained accordingly by the U.S.G.S. through its automated edit processes.","Ad-hoc","NHDPoints are generated from a number of other data elements.  The primary ones are imagery and coordinates captured by field staff with GPS units.","None","","None","","None","","Archived","U.S. Geological Survey, Lakewood, Colorado","Hydrography","water points"
"32",127,"hydrologic units (1st-6th fields)",76,"Yes","Yes","Active","Yes","Yes","No","Yes","Stay","","Inconsistent","The WBD is complete to 1:24,000-scale and has been improved to lidar-derived elevation data in conjunction with NHD geometry updates to the same base.","missing","50-75%","Fully implemented","missing","Well established","Internal","None","It is not necessary since sensitive, private, and/or confidential data are not components of the WBD.","Fully implemented","None","Well established","Create-collect","","Fully implemented","Fully complete","Global","","Fully complete","Public","Fully implemented","","Yes","missing","","Fully implemented","At the PNW Hydro group web site:  https://www.pnwhf.org/water-bound-dataset.aspx .","missing","Well established","Defined","It was a part of the U.S.G.S. 2006-2008 certification process and any ongoing edits which are carried out by trained editors using U.S.G.S. tools.","Defined","The WBD has six levels of basins and watersheds that nest within themselves according to the WBD standard.  The NHD is tiled by the 8-digit hydrologic units.","None","","None","","None","","Other","U.S. Geological Survey, Lakewood, Colorado.","Hydrography","hydrologic units (1st-6th fields)"
"33",128,"water supply & transmission facilities",71,"Yes","No","Static","Yes","Yes","No","Yes","Stay","","No process","Local operators maintain, no statewide collection","missing","Best available","Desired","missing","missing","missing","None","Data has not been compiled on a statewide basis","Desired","None","None","missing","","Not OGIC","0%","Oregon (all)","","25 to <50%","Not shared","missing","","missing","No process","","Desired","","missing","None","No process","","No process","","None","Collaborators have not met to discuss data sharing","None","Collaborators have not met to discuss data sharing","None","Collaborators have not met to discuss data sharing","No data","","Utilities","water supply & transmission facilities"
"34",129,"electric generation & transmission facilities",70,"Yes","Yes","Active","Yes","Yes","No","Yes","Stay","","No process","Cooperation for collection, sharing, and maintenance of this element is challenging.","missing","Best available","Desired","missing","missing","missing","None","Collaborators have differing views","Desired","None","None","missing","","Not OGIC","50 to <75%","US 50 states","","25 to <50%","Public","Desired","","No","missing","","Desired","","missing","None","No process","","No process","","None","","None","","None","","No data","","Utilities","electric generation & transmission facilities"
"35",139,"Aquatic Habitat",14,"Yes","No","Active","Yes","Yes","No","Yes","CC-stay","","Inconsistent","","missing","1-25%","In progress-full resrcs","missing","Progressing","External","None","Habitat surveys extend across a broad range of ownership and activities.  The data are not prioritized or censured based on either of these criteria.","Fully implemented","Well established","Well established","Create-collect","","Under development","50 to <75%","Oregon coast","","50 to <75%","Public","Planned-no resrcs","","No","missing","","Planned-resrcs avail","","single","Fully implemented","Ad-hoc","","Ad-hoc","","None","dataset is available to anyone but feedback is limited to contacting the implementing project","Well established","","Initiated","","Local","","Bioscience","aquatic habitat"
"36",140,"anadromous fish abundance",21,"No","missing","missing","missing","missing","missing","missing","missing","","missing","","missing","missing","missing","missing","missing","missing","missing","","missing","missing","missing","missing","","missing","missing","missing","","missing","missing","missing","","missing","missing","","missing","","missing","missing","missing","","missing","","missing","","missing","","missing","","missing","","Bioscience","anadromous fish abundance"
"37",140,"Anadromous Fish Abundance",90,"No","No","Active","Yes","Yes","Yes","missing","Stay","There may not be a need for a LU-LC theme, but if there is, this needs to be in it.","Recurring","","missing","50-75%","Fully implemented","missing","Well established","External","None","This is intrepreted satellite data. This assessment is viewed as not being needed.","Fully implemented","Fully implemented","Fully implemented","Create-collect","","Fully implemented","Fully complete","Global","","Fully complete","Public","Fully implemented","","Yes","missing","","Fully implemented","This implementation is in place at the EROS data center. There are potential improvements which, due to cost, are not being evaluated, as the current process is affordable and viewed to be effective enough.","missing","Well established","Managed","","Managed","","None","This is so widely used and so well established, it is not viewed as needed.","None","This is so widely used and so well established, it is not viewed as needed.","None","This is so widely used and so well established, it is not viewed as needed.","No data","I am not sure, but expect that previous versions of the map are archived. The map is updated with change detection, so I know the USGS archives a version of the first (2001) map and the most recently (2011, 2016) maps, but am not sure about the ones in between.","Bioscience","anadromous fish abundance"
"38",141,"Geology",84,"Yes","No","Active","Yes","Yes","Yes","missing","Stay","","Planned","DOGAMI does not have a dedicated funding program for this dataset. No funding generally means no time to work on such projects. Until there is a dedicated funding stream for this dataset, it will be difficult to regularly update or maintain it. ","missing","25-50%","In progress-full resrcs","missing","Under development","Internal","None","This dataset is published as open data, i.e. in the public domain.","Fully implemented","Fully implemented","Under development","Share-aggregate existing","","Under development","Fully complete","US 50 states","","50 to <75%","Public","Fully implemented","","No","missing","","In progress-partial resrcs","","two","Under development","Defined","Geologic mapping contained in the Geology dataset is horizontally integrated to the Oregon Lambert projection, NAD 83. ","missing","The dataset was digitized and georeferenced to their relative USGS topographic maps, using the Oregon Lambert standard projection. ","None","It is difficult to determine who is using the dataset. Web analytics would be helpful to know how often it is downloaded. Maybe adding a Survey 123 questionnaire to collect comments or feedback from users might help. ","Under development","The last few versions have not been very successful in describing the use of this dataset. ","None","I'm unclear on what the appraising process might be. ","Other","As a published dataset, DOGAMI will keep a copy in our publications for archiving purposes, as well as making it available for digital download. ","Geoscience","geology"
"39",142,"Soil",85,"Yes","No","Active","Yes","Yes","Yes","missing","Stay","","Recurring","","missing","50-75%","Fully implemented","missing","Fully implemented","External","Well established","Open data","Fully implemented","Fully implemented","Fully implemented","Alter existing","","Fully implemented","Fully complete","US 50 states","","75 to <100%","Public","Fully implemented","","Yes","missing","","In progress-full resrcs","","single","Fully implemented","Optimized","","No process","","None","No survey or solicitation for feedback from users. Download metrics unavailable. ","Fully implemented","","None","Has not been developed. ","Other","Oregon's Geospatial Data Library and copies at Oregon NRCS State Office","Geoscience","soils"
"40",143,"Geomorphology",54,"Yes","No","Other","Yes","Yes","No","Yes","Stay","","Inconsistent","Outside of GEO funding, a source of funding for this data element needs to be identified. Potential funding from DOGAMI? or USGS? other? ","missing","No information","Planned-no resrcs","missing","None","Internal","None","This would be open data in the Spatial data library.","Planned-no resrcs","None","None","missing","","Not OGIC","1 to <25%","US 50 states","","50 to <75%","Public","Planned-no resrcs","","No","missing","","Desired","","missing","None","No process","","missing","Data development will utilize available lidar for vertical integration. Areas where lidar does not exist may revert back to the 10m DEM or 7.5' topographic map for a base.","None","This will need to be discussed by the FIT.","None","This will be developed when the dataset can be created.","None","Dataset needs to be developed first.","Other","Not applicable at this time. ","Geoscience","geomorphology"
"41",145,"anadromous fish habitat distributions",43,"Yes","Yes","Active","Yes","Yes","No","Yes","Stay","","Inconsistent","No dedicated agency funding but may be available on an ad-hoc basis; occasional Framework funding support has been provided","Initiated","50-75%","Fully implemented","missing","Well established","Internal","Under development","Methods to assess the sensitivity are still being developed and reviewed.","In progress-partial resrcs","Progressing","Well established","Alter existing","","Fully implemented","50 to <75%","Oregon (all)","","50 to <75%","Public","Fully implemented","","No","missing","","In progress-partial resrcs","","single","Progressing","Defined","","Defined","","Progressing","","Progressing","","missing","","missing","","Bioscience","anadromous fish habitat distributions"
"42",146,"Existing Vegetation",5,"Yes","No","Active","Yes","Yes","Yes","missing","Stay","","Inconsistent","Historically, the USGS, the USFS, and others have significantly invested in vegetation mapping. Statewide and regional mapping efforts have not been funded, and there are questions about methods that make continued funding difficult.","No process","Best available","Desired","missing","missing","missing","None","This data is not sensitive. So the evaluation is quick and easy.","Desired","Fully implemented","Well established","Create-collect","","Not OGIC","Fully complete","Other","Both all US States & All of Oregon, using different methods","50 to <75%","Public","Fully implemented","","Yes","missing","","Desired","","missing","None","Ad-hoc","This is used for species habitat models, habitat maps, environmental impact statements, etc. But until standards are developed, horizontal integration procedures are impossible to standardize.","Ad-hoc","As with horizontal integration, until standards are developed, horizontal integration procedures are impossible to standardize.","None","","None","","None","","Archived","Oregon Spatial Data Library, OSU and PSU.","Bioscience","existing vegetation"
"43",146,"Wildlife Habitats",17,"Yes","No","Active","Yes","Yes","No","Yes","Stay","","Planned","DAS Geo is currently funding an update of this, with support from ODFW. Historically, the USGS supported the development and maintenance of this dataset, but this federal funding has vanished, and currently the state has been unable to support maintenance. Most of the problems result from the USGS and others no longer funding efforts to update the statewide vegetation map in Oregon. ","Under development","Best available","NA","FGDC","Under development","External","Progressing","This data is not sensitive. So the evaluation is quick and easy.","Planned-no resrcs","Well established","Well established","Share-aggregate existing","","Under development","Fully complete","US 50 states","","Fully complete","Public","Fully implemented","","No","missing","","Planned-no resrcs","","single","None","No process","This is a statewide dataset. Oregon has worked to attempt to expand this across adjacent states, but since the USGS stopped it's funding, there is no interest from adjacent states in horizontal expansion.","Repeatable","This dataset vertically integrates to generate species distributions (which is why it is secondarily foundational), species habitat suitability, and with land cover (NLCD), zoning and other similar datasets.","None","ODFW uses it for their conservation strategy, which is why they fund updates every decade or so, and INR uses it to map species distributions, as do other federal and conservation partners. Funding has been focused on updates and QA.","Under development","","None","","Archived","Archived at Oregon Explorer spatial data library.","Bioscience","existing vegetation"
"44",147,"National Wetland Inventory",79,"Yes","No","Active","Yes","Yes","Yes","missing","CC-stay","","Exists-inadequate","","missing","Best available","NA","FGDC","None","other","None","I have no basis from which I can answer this question!","Planned-no resrcs","None","None","missing","","Not OGIC","0%","Other","I have  no basis to answer this question!","0%","Public","Planned-no resrcs","","Yes","missing","","Planned-resrcs avail","","single","Under development","Ad-hoc","","Ad-hoc","","Initiated","","Initiated","","Initiated","","Archived","USGS","Bioscience","wetlands, NWI"
"45",149,"Wildlife Species Habitat Suitability maps",16,"Yes","No","Active","Yes","Yes","No","No","Stay","","Inconsistent","","Progressing","Best available","Desired","missing","missing","missing","Well established","These data are not sensitive, even the maps of sensitive species.","Desired","Under development","Initiated","Alter existing","","Under development","Fully complete","US 50 states","","Fully complete","Public","Fully implemented","Note, the current dataset includes statewide, 30 meter pixel, four attribute data for over 425 vertebrate species, a very large dataset. The data is publicly available but not easy to distribute (outside of in map form).","Yes","missing","","Planned-no resrcs","","single","None","Ad-hoc","These are statewide datasets which extend to the state borders. Maps extend across the U.S., although the Oregon dataset is higher resolution than adjacent states, and procedures to make the data coarser have not been implemented. ","Repeatable","","None","There is no funding to support this. The data is used and is often requested.","None","","Under development","Species distribution review mechanisms is being developed for Oregon Explorer, to easily allow mistakes or changes in distributions to be identified. Habitat changes require updated habitat spatial data.","Archived","OSDL","Bioscience","wildlife habitat distribution"
"46",150,"fish stock status",20,"No","missing","missing","missing","missing","missing","missing","missing","","missing","","missing","missing","missing","missing","missing","missing","missing","","missing","missing","missing","missing","","missing","missing","missing","","missing","missing","missing","","missing","missing","","missing","","missing","missing","missing","","missing","","missing","","missing","","missing","","missing","","Bioscience","fish stock status"
"47",151,"hatchery release locations",18,"Yes","No","Other","Yes","Yes","No","No","Stay","","No process","These data primarily exist in tabular form","missing","50-75%","Desired","missing","missing","missing","None","No assessment has been completed - dataset is not needed to directly support business","Desired","Well established","Under development","Alter existing","","Not OGIC","1 to <25%","Oregon coast","","1 to <25%","Not shared","missing","","missing","No process","data are not yet developed and are thus not ready to be shared publicly","Desired","","missing","None","No process","data not yet developed","No process","data not yet developed","None","data not yet developed","None","data not yet developed","None","data not yet developed","No data","data not yet developed","Bioscience","hatchery release locations"
"48",152,"marine species habitat distributions",19,"Yes","No","Other","Yes","Yes","No","No","Stay","","No process","While data exist that can support this element, there has been no funding or effort to identify which datasets are appropriate for the element or to develop a process to adopt data into the element.  Funding to produce the data has been related to specific resource management or research needs to determine species habitat distribution. ","missing","No information","Desired","missing","missing","missing","Under development","The element will include multiple datasets from various sources.  Some will have confidential aspects, some not.  Generally, datasets that are based all or in part on commercial fisheries data will need evaluation for confidentiality issues.  There may also be other datasets with sensitivity issues.","Desired","None","None","missing","","Not OGIC","0%","Oregon (specific extents)","","0%","Not shared","missing","","missing","Ad-hoc","There are currently no data \"officially\" in the data element; however, many datasets exist that could potentially be brought into this process.  Some of these data are accessible on the web or through request.","Desired","","missing","None","No process","","No process","","None","Process has not begun to assess user needs.","None","Process has not begun to assess user needs or to bring datasets into the element.","None","Process has not begun to evaluate datasets for this element.","Other","Datasets not yet in element.  Datasets that can potentially be brought into element have various archival mechanisms, depending on the institution where the data reside.","Bioscience","marine species habitat distributions"
"49",158,"Land Use",80,"Yes","No","Active","Yes","Yes","No","Yes","CC-stay","","No process","The \"Land Use\" element of the \"Land Use/Land Cover\" theme is being explored for its value as complementary or alternative data relative to Land Cover for some State and local agencies for some applications that require land characterization beyond vegetative derived classifications. Thus far DLCD has shown interest and has funded pilot exploration projects but no formal standard has yet been developed or adopted and nor has a stewardship role been determined.","missing","Best available","Planned-no resrcs","missing","None","Internal","None","","In progress-partial resrcs","Under development","Under development","Share-aggregate existing","","Not OGIC","0%","US 50 states","","0%","Public","NA","","No","missing","","Planned-no resrcs","","other","None","No process","","No process","","None","Next step is for DLCD (or other sponsor agency) to choose to advance the initiative, assume stewardship role, and plan maintenance, QC, etc.","None","Pilot data set developed for evaluation purposes only.","None","","Local","DLCD contracted with LCOG for a pilot project and took delivery of data and associated findings.","LULC","land use"
"50",161,"coastal erosion",7,"Yes","No","Other","Yes","Yes","Yes","missing","Stay","","Inconsistent","Coastal erosion hazard maps were funded from a variety of ad hoc sources. The maps are essentially complete for the most important areas of the coast. Monitoring of various site specific sites is occurring at multiple sites on the Oregon coast. However, funding for this work is also dependent on outside funding. Currently the only sustained funding is through NANOOS which covers seasonal monitoring of coastal change in Tillamook County (Neskowin and Rockaway cells) and on the Clatsop Plains, and annual funding in the Netarts Cell and the Newport cell on the central coast.","missing","50-75%","Planned-no resrcs","missing","Well established","External","None","","Desired","Well established","Well established","Other","All of the above","Not OGIC","50 to <75%","Oregon (specific extents)","","50 to <75%","Public","Desired","Not sure if the coastal erosion hazard maps are available. Certainly these are available through DOGAMI. Site specific data may be obtained upon request to the PI collecting the change data.","No","missing","","In progress-full resrcs","","single","Well established","No process","I have no idea what this means.","No process","","Initiated","Broad discussions with agencies such as DLCD and OPRD as well as local government needs","Initiated","There are technical reports that describe these data","Initiated","Data are archived. The need for updating of the hazard maps is based on local knowledge by the PI, and from discussions with DLCD, OPRD and local government","Archived","locally, multiple servers, external drives, state data center via DOGAMI","Hazards","coastal erosion areas"
"51",162,"Debris Flow Hazard Zone",9,"No","missing","missing","missing","missing","missing","missing","missing","","missing","","missing","missing","missing","missing","missing","missing","missing","","missing","missing","missing","missing","","missing","missing","missing","","missing","missing","missing","","missing","missing","","missing","","missing","missing","missing","","missing","","missing","","missing","","missing","","missing","","Hazards","debris flow hazard zone"
"52",164,"hazards/earthquake hazard",3,"Yes","No","Other","Yes","No","No","Yes","Stay","","Inconsistent","","missing","Best available","Desired","missing","missing","missing","None","Physical data that is agnostic of public and private property.","Desired","None","None","missing","","Not OGIC","Fully complete","US 50 states","","50 to <75%","Not shared","missing","","missing","No process","","Desired","","missing","Under development","Ad-hoc","","Ad-hoc","","Under development","","Under development","","Under development","","Archived","ETS Iron Mountain","Hazards","earthquake hazard"
"53",166,"Landslide Zones",8,"Yes","Yes","Active","Yes","Yes","No","Yes","Stay","Hazards FIT, Landslide Element","No process","I'm not really sure what is being asked. The data sets are statewide, but are not finished statewide. DOGAMI is constantly writing grant proposals to continue to work on this data set. ","missing","No information","Fully implemented","missing","Well established","Internal","None","","Desired","None","Fully implemented","Create-collect","","Not OGIC","1 to <25%","US 50 states","","1 to <25%","Public","Fully implemented","Again, not sure what datasets are in this element. Some of them (SLIDO and the statewide ls suscept) are available. Some are not (ie debris flow data)","No","missing","","Desired","","missing","Well established","No process","","No process","","None","","Well established","","None","","Other","We store our data on the ETS servers in Salem. I believe we also do backups and send the hard drives to an archive place.","Hazards","landslide zones"
"54",167,"Tsunami inundation zone",6,"Yes","No","Static","Yes","Yes","Yes","missing","Stay","","Exists-adequate","Funding is provided through NOAA's NWS via the National Tsunami Hazard Mitigation Program (NTHMP). This supports tsunami mapping, modeling, signage, and outreach. ","Progressing","50-75%","Planned-no resrcs","missing","Well established","Internal","None","This is about life safety and public knowledge","Desired","Fully implemented","Well established","Other","all of the above","Under development","Fully complete","Oregon (specific extents)","","Fully complete","Public","Desired","Not sure. Publicly available through DOGAMI and Oregon Tsunami Clearinghouse.","No","missing","","Desired","","missing","Well established","No process","Not sure what this means","No process","","Under development","Discussions with other agencies, local government, emergency managers, CERT teams and the public.","None","","None","","Archived","Stored locally, multiple servers (Newport and Portland), state data center, ","Hazards","tsunami inundation zone"
"55",172,"Hazardous Materials Sites",61,"Yes","Yes","Active","Yes","Yes","No","Yes","Stay","","Recurring","","missing","50-75%","Desired","missing","missing","missing","Well established","","Desired","None","None","missing","","Under development","75 to <100%","US 50 states","","75 to <100%","Public","Fully implemented","","Yes","missing","","In progress-partial resrcs","","single","Fully implemented","Ad-hoc","","Ad-hoc","","Well established","","Initiated","","Well established","","Other","The most current data resides at the Oregon State Fire Marshal's data system, with now outdated data posted to DAS/GEO serrvers and is being deliverd as a webservice and downloadable data, referenced on OSDL; data is also stored at OEM and DEQ  ","Preparedness","hazardous materials sites"
"56",173,"precipitation - 100-year",44,"Yes","Yes","Other","No","Yes","No","No","Stay","","No process","NOAA Atlas 14 has been updated on a region by region basis by the National Weather Service, as funding from states becomes available.  All of the US has been completed, except for OR, WA, ID, MT, and WY.   I do not know if any funding has been allocated for OR. ","missing","50-75%","Desired","missing","missing","missing","Well established","No privacy issues","Desired","None","None","missing","","Not OGIC","0%","Other","Oregon not available ","0%","Public","Desired","","No","missing","","Desired","","missing","Well established","No process","","No process","","Fully implemented","NOAA Atlas 14 data are used extensively by engineers to determine culvert size, street crown pitch, etc., and underlie many municipal building codes.  There is a lot of communication between developers and users of the data. ","Fully implemented","","Fully implemented","","Other","Data are archived at a NOAA facility.  None available for Oregon, yet. ","Climate","precipitation - 100-year"
"57",174,"precipitation - 24-hour intensity",31,"No","missing","missing","missing","missing","missing","missing","missing","","missing","","missing","missing","missing","missing","missing","missing","missing","","missing","missing","missing","missing","","missing","missing","missing","","missing","missing","missing","","missing","missing","","missing","","missing","missing","missing","","missing","","missing","","missing","","missing","","missing","","Climate","precipitation - 24-hour intensity"
"58",175,"Precipitation - monthly and annual normals",88,"Yes","Yes","Other","Yes","Yes","No","No","Stay","","No process","There is no long-term funding vehicle for funding updates to the normals datasets.  So far,  funding has been obtained to keep the datasets up to date on an ad-hoc basis.  However, this can cause the creation of new normals to be delayed by several years.  ","missing","50-75%","Fully implemented","missing","Fully implemented","Internal","Well established","There are no privacy concerns","Desired","Fully implemented","Fully implemented","Create-collect","","Fully implemented","Fully complete","Other","Lower 48 states","Fully complete","Public","Fully implemented","","No","missing","","Desired","","missing","Fully implemented","Ad-hoc","","Ad-hoc","","Fully implemented","","Fully implemented","","Fully implemented","","Local","Oregon State University","Climate","precipitation - mean monthly & annual"
"59",176,"precipitation - historic daily",52,"Yes","Yes","Active","Yes","Yes","No","No","Stay","","Exists-adequate","Funding is from the USDA, with one-year cooperative agreements established on an annual basis.  Funding is for a national level crop insurance program, and not directed towards Oregon-specific requirements, but the two mesh well at this time. ","missing","50-75%","Fully implemented","missing","Fully implemented","Internal","Well established","There are no privacy concerns","Desired","Fully implemented","Fully implemented","Create-collect","","Under development","Fully complete","Other","Lower 48 states","Fully complete","Public","NA","","No","missing","","Desired","","missing","Fully implemented","Ad-hoc","","Ad-hoc","","Fully implemented","","Fully implemented","","Fully implemented","","Local","Oregon State University  http://prism.oregonstate.edu","Climate","precipitation - historic daily"
"60",177,"Temperature - monthly and annual normals",53,"Yes","Yes","Other","Yes","Yes","No","No","Stay","","No process","There is no long-term funding vehicle for funding updates to  the normals datasets. So far, funding has been obtained to  keep the datasets up to date on an ad-hoc basis. However,  this can cause the creation of new normals to be delayed by  several years.","missing","50-75%","Fully implemented","missing","Fully implemented","Internal","Well established","There are no privacy concerns","Desired","Fully implemented","Fully implemented","Create-collect","","Fully implemented","Fully complete","Other","Lower 48 states","Fully complete","Public","Fully implemented","","No","missing","","Desired","","missing","Fully implemented","Ad-hoc","","Ad-hoc","","Fully implemented","","Fully implemented","","Fully implemented","","Local","Oregon State University  http://prism.oregonstate.edu","Climate","temperature - monthly mean min & max"
"61",178,"temperature - mean first/last 32 deg F dates",34,"Yes","Yes","Other","Yes","Yes","No","No","Stay","","Exists-adequate","Funding for this dataset is to support a password-protected client web page.","missing","50-75%","Fully implemented","missing","Well established","External","None","There are no privacy concerns","Desired","Fully implemented","Well established","Other","Creating gridded data based on existing point weather data","Not OGIC","Fully complete","Other","Lower 48 states","Fully complete","Public","Desired","","No","missing","","Desired","","missing","Well established","Ad-hoc","","Ad-hoc","","Fully implemented","","Fully implemented","Yes, but use is by a limited group (USDA RMA) - not publicly available at this time. ","Fully implemented","","Local","OSU ","Climate","temperature - median first/last 28 deg F dates"
"62",179,"snowfall - monthly & annual",33,"Yes","Yes","Other","Yes","Yes","No","No","Stay","","No process","A very old snowfall dataset exists, but is too old and not of sufficient quality to be made available as a framework dataset.  No funding is currently available to develop a new version. ","missing","No information","NA","FGDC","None","missing","None","No privacy issues","Desired","None","None","missing","","Not OGIC","0%","Other","Lower 48 states","0%","Not shared","missing","","missing","No process","","Desired","","missing","None","No process","","No process","","None","","None","","None","Dataset does not exist. ","No data","","Climate","snowfall - monthly & annual"
"63",180,"snow water equivalent",25,"Yes","Yes","Other","Yes","No","No","No","Stay","","No process","No current projects exist to support mapping snow water content.   ","missing","No information","NA","FGDC","None","missing","None","No privacy issues","Desired","None","None","missing","","Not OGIC","0%","Other","None at this time","0%","Public","NA","Dataset does not exist","No","No process","The National Weather Service produces daily snow water content maps for the US, including Oregon, but no long-term normals.  Their website is  https://www.nohrsc.noaa.gov/nsa/  ","Desired","","missing","None","No process","","No process","","None","No dataset identified ","None","","None","No dataset","No data","","Climate","snow water equivalent"
"64",181,"temperature - historic daily max &min",42,"Yes","Yes","Active","Yes","Yes","No","No","Stay","","Exists-adequate","Funding is from the USDA, with one-year cooperative  agreements established on an annual basis. Funding is for a  national level crop insurance program, and not directed  towards Oregon-specific requirements, but the two mesh  well at this time.","missing","50-75%","Fully implemented","missing","Fully implemented","Internal","Well established","There are no privacy concerns","Desired","Fully implemented","Fully implemented","Create-collect","","Under development","Fully complete","Other","Lower 48 states","Fully complete","Public","Desired","","No","missing","","Desired","","missing","Fully implemented","Ad-hoc","","Ad-hoc","","Fully implemented","","Fully implemented","","Fully implemented","","Local","Oregon State University  http://prism.oregonstate.edu","Climate","temperature - historic daily"
"65",182,"Soil temperature",27,"No","missing","missing","missing","missing","missing","missing","missing","","missing","","missing","missing","missing","missing","missing","missing","missing","","missing","missing","missing","missing","","missing","missing","missing","","missing","missing","missing","","missing","missing","","missing","","missing","missing","missing","","missing","","missing","","missing","","missing","","missing","","Climate","soil temperature"
"66",183,"soil freeze depth",28,"No","missing","missing","missing","missing","missing","missing","missing","","missing","","missing","missing","missing","missing","missing","missing","missing","","missing","missing","missing","missing","","missing","missing","missing","","missing","missing","missing","","missing","missing","","missing","","missing","missing","missing","","missing","","missing","","missing","","missing","","missing","","Climate","soil freeze depth"
"67",184,"temperature ranges",29,"No","missing","missing","missing","missing","missing","missing","missing","","missing","","missing","missing","missing","missing","missing","missing","missing","","missing","missing","missing","missing","","missing","missing","missing","","missing","missing","missing","","missing","missing","","missing","","missing","missing","missing","","missing","","missing","","missing","","missing","","missing","","Climate","temperature ranges"
"68",185,"wind flow - monthly",32,"Yes","Yes","Other","Yes","No","No","No","Stay","","No process","No funding is currently available for wind speed mapping. ","missing","No information","NA","FGDC","None","missing","None","No privacy issues","Desired","None","None","missing","","Not OGIC","0%","Other","Lower 48 states","0%","Public","NA","Dataset does not exist","No","No process","","Desired","","missing","None","No process","","No process","","None","","None","","None","","No data","","Climate","wind flow - monthly"
"69",186,"solar radiation - monthly average",24,"Yes","Yes","Other","Yes","No","No","No","Stay","","No process","No daataset","missing","No information","NA","FGDC","None","Internal","None","No privacy issues","Desired","None","None","missing","","Not OGIC","0%","Other","No dataset","0%","Public","NA","No dataset","No","No process","There are some solar radiation maps available for Oregon from the National Renewable Energy Lab, and from the University of Oregon Solar Lab, but these have not been evaluated for their inclusion as framework datasets. ","Desired","","missing","None","No process","","No process","","None","","None","","None","","No data","","Climate","solar radiation - monthly average"
"70",187,"cloud cover - monthly average",26,"No","missing","missing","missing","missing","missing","missing","missing","","missing","","missing","missing","missing","missing","missing","missing","missing","","missing","missing","missing","missing","","missing","missing","missing","","missing","missing","missing","","missing","missing","","missing","","missing","missing","missing","","missing","","missing","","missing","","missing","","missing","","Climate","cloud cover - monthly average"
"71",196,"Emergency Service Zones",38,"Yes","No","Static","Yes","Yes","No","No","Stay","","Recurring","","missing","50-75%","Desired","missing","missing","missing","None","Data layer is under development and there is no standard currently to adhere to (not PCII).","Desired","None","None","missing","","Not OGIC","Fully complete","US 50 states","","Fully complete","Not shared","missing","","missing","Ad-hoc","Email to state 911 GIS team.","Desired","","missing","Under development","Ad-hoc","","Ad-hoc","","Under development","","Under development","","Under development","","Local","","Preparedness","emergency service zones"
"72",197,"Emergency Reference Data Stations",62,"Yes","Yes","Active","Yes","Yes","No","Yes","CC-move","Climate FIT, which should include weather elements","No process","","missing","50-75%","NA","FGDC","Fully implemented","Internal","None","Federal shared dataset has been cleared for public use","Fully implemented","Fully implemented","None","missing","","Not OGIC","75 to <100%","Global","","75 to <100%","Public","Fully implemented","","Yes","missing","","Fully implemented","USGS National Water Information System","missing","Fully implemented","Optimized","","Defined","","Fully implemented","","Well established","","Fully implemented","","Other","USGS National Water Information System","Preparedness","emergency reference data stations"
"73",198,"Evacuation Routes",37,"Yes","No","Other","Yes","Yes","No","No","Stay","","No process","I don't know how it is funded currently and have no knowledge of how this layer has been maintained or developed in the past.","missing","No information","Desired","missing","missing","missing","None","Don't know full status of layer.","Desired","None","None","missing","","Not OGIC","1 to <25%","US 50 states","","1 to <25%","Not shared","missing","","missing","No process","I don't know as we don't maintain this layer.","Desired","","missing","None","No process","","No process","","None","Don't know as we don't maintain this layer.","None","Don't know as we don't maintain this layer.","None","Don't know as we don't maintain this layer","Other","I think there might be some copies in IRIS, but don't know where else this would be stored - maybe AGOL?","Preparedness","evacuation routes"
"74",199,"Monuments/Icons",66,"Yes","No","Active","Yes","Yes","No","No","Move","Monuments/Icons data should be moved to the Reference FIT","No process","","missing","Best available","Desired","missing","missing","missing","None","","Desired","None","None","missing","","Not OGIC","75 to <100%","US 50 states","","75 to <100%","Public","Fully implemented","","Yes","missing","","Desired","","missing","None","No process","","No process","","None","","None","","None","","Other","Data has been posted to DAS/GEO serrvers and is being deliverd as a webservice and downloadable data, referenced on OSDL; Data is also stored at OEM and DEQ","Preparedness","monuments/icons"
"75",200,"Public Safety Station Locations",58,"Yes","Yes","Active","Yes","Yes","No","Yes","Stay","","Inconsistent","","missing","50-75%","Desired","missing","missing","missing","Initiated","Data reviewed as a part of inclusion in OR-IRIS database; fire stations considered non-sensitive/non-secured, but police stations are not included in public version of geodatabase.","Desired","Initiated","Under development","Create-collect","","Fully implemented","Fully complete","US 50 states","","75 to <100%","Public","Fully implemented","","Yes","missing","","Desired","","missing","Under development","No process","","No process","","None","","None","","Under development","","Other","Data has been posted to DAS/GEO serrvers and is being deliverd as a webservice and downloadable data, referenced on OSDL; Data is also stored at OEM and DEQ  ","Preparedness","rail facilities"
"76",207,"Schools",57,"Yes","No","Active","Yes","Yes","No","Yes","Stay","","No process","Status of funding is not known at present.  ODE relies upon DHS staff to prepare/maintain data...and there have been issues with updates in the recent past.","missing","50-75%","Desired","missing","missing","missing","Initiated","Data set has been publicly shared from DAS-GEO website in past.  Data was reviewed for sensitivity/privace during OR-IRIS project and not found to require access constraints.","Desired","None","None","missing","","Fully implemented","Fully complete","US 50 states","","Fully complete","Public","In progress-partial resrcs","","Yes","missing","","Fully implemented","Authority and procedures for update are well established.  Unsure as to status of documented system.","missing","None","Repeatable","","Repeatable","","Well established","","None","Metadata provides users information about data use.","None","Appraisal process is unknown to reviewer.","Other","Data has been posted to DAS/GEO servers and is being deliverd as a webservice and downloadable data, referenced on OSDL; Data is also stored at OEM and DEQ  ","Preparedness","schools"
"77",208,"length of growing season",30,"No","missing","missing","missing","missing","missing","missing","missing","","missing","","missing","missing","missing","missing","missing","missing","missing","","missing","missing","missing","missing","","missing","missing","missing","","missing","missing","missing","","missing","missing","","missing","","missing","missing","missing","","missing","","missing","","missing","","missing","","missing","","Climate","length of growing season"
"78",209,"temperature - annual minimum",39,"Yes","Yes","Other","Yes","Yes","No","No","Stay","","No process","Development of the 2012 plant hardiness map (by the PRISM Climate Group) was a one-time project.  Discussions are underway among federal agencies to try to obtain funding for an update, but they have not as yet produced results. ","missing","50-75%","NA","other","Well established","Internal","None","There are no privacy concerns","Desired","Well established","Well established","Share-aggregate existing","","Not OGIC","Fully complete","Global","","Fully complete","Public","NA","Dataset is available via a USDA website. ","No","Optimized","Data element is accessed via the PRISM website:    http://prism.oregonstate.edu    In addition, an interactive map server and many printable maps are accessed from a USDA website:    http://planthardiness.ars.usda.gov/PHZMWeb/  ","Desired","","missing","Well established","No process","","No process","","Well established","","Well established","","Well established","","Other","Stored at both the USDA and at OSU. ","Climate","temperature - annual minimum"
"79",210,"commercial datasets",22,"No","missing","missing","missing","missing","missing","missing","missing","","missing","","missing","missing","missing","missing","missing","missing","missing","","missing","missing","missing","missing","","missing","missing","missing","","missing","missing","missing","","missing","missing","","missing","","missing","missing","missing","","missing","","missing","","missing","","missing","","missing","","Climate","commercial datasets"
"80",211,"fog occurrence in western Oregon",23,"No","missing","missing","missing","missing","missing","missing","missing","","missing","","missing","missing","missing","missing","missing","missing","missing","","missing","missing","missing","missing","","missing","missing","missing","","missing","missing","missing","","missing","missing","","missing","","missing","missing","missing","","missing","","missing","","missing","","missing","","missing","","Climate","fog occurrence in western Oregon"
"81",212,"precipitation - historic monthly",41,"Yes","Yes","Active","Yes","Yes","No","No","Stay","","Exists-adequate","Funding is from the USDA, with one-year cooperative  agreements established on an annual basis. Funding is for a  national level crop insurance program, and not directed  towards Oregon-specific requirements, but the two mesh  well at this time.","missing","50-75%","Fully implemented","missing","Fully implemented","Internal","Well established","There are no privacy concerns","Desired","Fully implemented","Fully implemented","Create-collect","","Under development","Fully complete","Other","Lower 48 states","Fully complete","Public","NA","Data are currently available at prism.oregonstate.edu","No","Optimized","Data are available via website, web services, and FTP server.  Website is prism.oregonstate.edu","Desired","","missing","Fully implemented","Ad-hoc","","Ad-hoc","","Fully implemented","","Fully implemented","","Fully implemented","","Local","Oregon State University  http://prism.oregonstate.edu","Climate","precipitation - historic monthly"
"82",222,"Emergency Facilities",51,"Yes","No","Other","Yes","Yes","No","No","Stay","","Recurring","","Initiated","50-75%","NA","FGDC","Under development","Internal","Under development","Data layer is under development and there is no standard currently to adhere to (not PCII).","Desired","None","Under development","Create-collect","","Not OGIC","Fully complete","US 50 states","","Fully complete","Secured","missing","","missing","Ad-hoc","Email me - Daniel.stoelb@state.or.us","Desired","","missing","None","No process","Based upon information gathered from our external and internal partners. I don't know what is meant by horizontal integration needs. These data are not going to be involved in complex analysis at this point.","No process","Based upon information gathered from our external and internal partners. I don't know what is meant by vertical integration needs. These data are not going to be involved in complex analysis at this point.","Under development","Based upon information gathered from our external and internal partners. We have an annual process for reviewing the majority of these data.","Under development","These data are mostly used for documentation of facilities as well as the display within RAPTOR. No other needs have been defined at this point.","None","What is meant by \"appraising process\"?","Local","Housed in our SDE database and served via secured REST services.","Preparedness","emergency facilities"
"83",224,"State Police Operations",35,"No","missing","missing","missing","missing","missing","missing","missing","","missing","","missing","missing","missing","missing","missing","missing","missing","","missing","missing","missing","missing","","missing","missing","missing","","missing","missing","missing","","missing","missing","","missing","","missing","missing","missing","","missing","","missing","","missing","","missing","","missing","","Preparedness","state police post boundaries"
"84",224,"State Police Post Boundaries",55,"No","missing","missing","missing","missing","missing","missing","missing","","missing","","missing","missing","missing","missing","missing","missing","missing","","missing","missing","missing","missing","","missing","missing","missing","","missing","missing","missing","","missing","missing","","missing","","missing","missing","missing","","missing","","missing","","missing","","missing","","missing","","Preparedness","state police post boundaries"
"85",228,"temperature - historic monthly max & min",40,"Yes","Yes","Active","Yes","Yes","No","No","Stay","","Exists-adequate","Funding is from the USDA, with one-year cooperative  agreements established on an annual basis. Funding is for a  national level crop insurance program, and not directed  towards Oregon-specific requirements, but the two mesh  well at this time.","missing","50-75%","Fully implemented","missing","Fully implemented","Internal","None","There are no privacy concerns","Desired","Fully implemented","Fully implemented","Create-collect","","Under development","Fully complete","Other","Lower 48 states","Fully complete","Public","Desired","Data are not in the OSDL, but are on prism.oregonstate.edu","No","missing","","Desired","","missing","Fully implemented","Ad-hoc","","Ad-hoc","","Fully implemented","","Fully implemented","","Fully implemented","","Local","Oregon State University  http://prism.oregonstate.edu","Climate","temperature - historic monthly max & min"
"86",240,"Elevation Bands",47,"No","missing","missing","missing","missing","missing","missing","missing","","missing","","missing","missing","missing","missing","missing","missing","missing","","missing","missing","missing","missing","","missing","missing","missing","","missing","missing","missing","","missing","missing","","missing","","missing","missing","missing","","missing","","missing","","missing","","missing","","missing","","Elevation","elevation bands"
"87",243,"Correctional Facilities",63,"Yes","No","Active","Yes","Yes","No","Yes","CC-stay","","No process","","missing","25-50%","Desired","missing","missing","missing","None","","Desired","None","None","missing","","Under development","75 to <100%","US 50 states","","75 to <100%","Public","Fully implemented","","Yes","missing","","Desired","","missing","None","No process","","No process","","None","","None","","None","","Other","Data is not current, but metadata was created for the existing dataset obtained from GEO Alpha List, and data has been posted to DAS/GEO serrvers and is being deliverd as a webservice and downloadable data, referenced on OSDL; Data is also stored at OEM and DEQ  ","Preparedness","correctional facilities"
"88",254,"Naturally Occurring Hazardous Materials",13,"Yes","No","Other","Yes","Yes","No","Yes","Stay","","No process","The Oregon Health Authority supports the radon portion of the NOHM Element and did so with in-kind funding. However, no other Federal, State, Tribal, local, or other consortium funding supports the asbestos and abandoned mine locations portion of the NOHM Element. However, DOGAMI has no long-range plans for radon's funding and maintenance. Staffing is ad hoc and the maintenance of the asbestos and abandoned mine locations portion of the NOHM Element is through indirect internal funding. There is staffing in DOGAMI with the capability of maintaining the three parts of the NOHM Element.","missing","50-75%","In progress-partial resrcs","missing","Well established","Internal","Progressing","","Desired","Well established","Well established","Other","No data is purchased. Data are obtained through the other three means","Fully implemented","50 to <75%","US 50 states","","50 to <75%","Public","In progress-partial resrcs","","Yes","missing","","Planned-no resrcs","","single","Under development","Ad-hoc","","Ad-hoc","","None","The recent release of the Radon Potential in Oregon was met with a few questions. Users of the asbestos and abandoned mine locations account for nearly 11% of our web traffic","None","The map and geodatabase for the Radon Potential in Oregon (a deliverable for interagency Agreement, 106099) is accompanied by a report indicating the limitations of the dataset","Under development","","Archived","","Hazards","Naturally Occurring Hazardous Materials"
"89",273,"fish passage barriers",72,"Yes","No","Active","Yes","Yes","No","No","Stay","","Inconsistent","Agency funding (limited) falls under the general umbrella of enterprise data development / maintenance and is not sufficient to adequately maintain and further develop these data. Occasional Framework data development funds have been awarded to ODFW for the development and maintenance of these data. ","Progressing","50-75%","Fully implemented","missing","Progressing","External","None","Sensitive data generally don't make it into this dataset","In progress-partial resrcs","Well established","Progressing","Alter existing","","Fully implemented","50 to <75%","Oregon (all)","","50 to <75%","Public","Fully implemented","","No","missing","","Planned-no resrcs","","single","Progressing","Defined","","Ad-hoc","","None","While the dataset likely meets many users needs, we do not have a process in place to determine if it meets user needs.","Under development","attributes describe horizontal accuracy or whether barrier was removed. Revision date identified last edit and metadata captures limitations with currency, accuracy and comprehensiveness.","Under development","","Other","Backed up as part of ODFW's corporate data backup strategy","Bioscience","fish passage barriers"
"90",277,"water wells",75,"Yes","No","Active","Yes","Yes","No","No","Stay","","Exists-adequate","","missing","1-25%","In progress-partial resrcs","missing","Under development","External","None","It is not necessary since sensitive, private, and/or confidential data are not components of water well location data.","Desired","None","Under development","Create-collect","","Not OGIC","Fully complete","US 50 states","","1 to <25%","Public","Desired","","No","missing","","Planned-no resrcs","","single","None","Ad-hoc","","Ad-hoc","","None","","None","","None","Process is ad hoc.","Local","On a server at the Oregon Water Resources Dept. which is backed up.","Hydrography","water wells"
"91",278,"stream gages",74,"Yes","No","Active","Yes","Yes","No","No","Stay","","Recurring","","missing","50-75%","Desired","missing","missing","missing","None","It is not necessary since sensitive, private, and/or confidential data are not components of stream gages.","Desired","None","Well established","Create-collect","","Not OGIC","Fully complete","US 50 states","","Fully complete","Public","Desired","","No","missing","","Desired","","missing","Well established","Ad-hoc","","Ad-hoc","","Well established","","Well established","","Well established","","Local","On servers at the Oregon Water Resources Dept. and backed up.","Hydrography","stream gages"
"92",NA,"Oregon Wetlands Cover",15,"Yes","Yes","Active","Yes","Yes","No","Yes","Stay","","Inconsistent","Neither DSL nor INR has sufficient funding to maintain this dataset. Project funds have been obtained from various sources to update it on occasion. ","missing","25-50%","Fully implemented","missing","Under development","External","None","This may be necessary, although the need for this has not been identified. ","Planned-no resrcs","Under development","Initiated","Alter existing","","Fully implemented","Fully complete","US 50 states","","Fully complete","Public","Fully implemented","","Yes","missing","","Planned-no resrcs","","informal","Under development","Ad-hoc","The NWI provides horizontal integration.","Ad-hoc","Work is underway to integrate this with related datasets: Landcover, vegetation, wildlife habitat, etc. These have been done individually, but since stewardship and maintenance procedures are not formalized, it's but impossible to make these repeatable.","None","This requires more partnership than has been available to date. It is important, and many people use this dataset.","None","The regulatory community needs to address this.","Under development","QA and QC is critical and needed to improve the dataset, which was built by aggregating best available data. ","Other","Oregon Explorer and on the INR network and The Wetlands Conservancy Network.",NA,NA
